epoch,step,train_loss,val_loss,val_r_square
0,2158,,1.067878007888794,0.004871845245361328
0,2158,1.5096553564071655,,
